{"cameraMode":{"drawMode":0,"name":"Shaded","section":"Shading Mode"},"sceneLighting":false,"audioPlay":false,"sceneViewState":{"m_AlwaysRefresh":false,"showFog":false,"showSkybox":false,"showFlares":false,"showImageEffects":false,"showParticleSystems":false,"showVisualEffectGraphs":true,"m_FxEnabled":true},"in2DMode":false,"pivot":{"x":6.522706985473633,"y":3.9874842166900636,"z":0.10103809833526612},"rotation":{"x":0.06453608721494675,"y":-0.08373040705919266,"z":0.005433992948383093,"w":0.9943839907646179},"size":0.4330127239227295,"orthographic":false}