{"cameraMode":{"drawMode":0,"name":"Shaded","section":"Shading Mode"},"sceneLighting":true,"audioPlay":false,"sceneViewState":{"showFog":false,"showMaterialUpdate":false,"showSkybox":false,"showFlares":false,"showImageEffects":false,"showParticleSystems":false},"in2DMode":false,"pivot":{"x":-90.72344970703125,"y":-61.732120513916019,"z":335.79058837890627},"rotation":{"x":0.008823815733194352,"y":-0.956230878829956,"z":0.028992369771003724,"w":0.29106244444847109},"size":23.334524154663087,"orthographic":false}